카드이름,할인내용2,할인율2(%),할인내용3,할인율3(%),할인내용4,할인율4(%),할인내용5,할인율5(%),할인내용6,할인율6(%),할인내용7,할인율7(%),할인내용8,할인율8(%),할인내용9,할인율9(%)
삼성카드 taptap O,통신요금,10.0,"월 최대 3만원, 연간 36만원 할인쇼핑",1.0,커피 연 최대 12만원 할인스타벅스 50% 또는 카페,30.0,쿠팡·11번가 등 연최대 6만원할인쇼핑 7% 할인 또는,1.0,"버스, 지하철, 택시요금",10.0,,,편의점 7%할인 또는,1.0,통신요금,10.0
카드의정석 EVERY 1,온라인 신규 연회비,100.0,,,쇼핑,1.0,항공사,1.0,카페/베이커리,1.0,편의점,1.0,대형마트,1.0,온라인 신규 연회비,100.0
삼성 iD ON 카드,이동통신,10.0,커피전문점·배달앱·델리 중많이 쓰는 영역,30.0,커피전문점·배달앱·델리 중많이 쓰는 영역,30.0,스트리밍,10.0,교통,10.0,온라인 간편결제 3% ·,1.0,온라인신규회원 연회비,100.0,이동통신,10.0
신한카드 Mr.Life,신규 고객 연회비,100.0,전기·도시가스,10.0,,,SKT·KT·LG U+,10.0,이마트·롯데마트·홈플러스,10.0,"온라인쇼핑몰, 소셜커머스 10% 할인 라이프스타일 푸드 인테이크몰",20.0,택시비,10.0,신규 고객 연회비,100.0
taptap DRIVE,,,편의점,10.0,커피전문점,10.0,온라인 간편결제,1.0,온라인쇼핑몰,1.0,온라인신규회원 연회비,100.0,,,,
LOCA LIKIT 1.2,롯데카드 온라인신청 특별 혜택신규회원 연회비,100.0,,,,,,,,,,,,,롯데카드 온라인신청 특별 혜택신규회원 연회비,100.0
카드의정석 EVERY MILE SKYPASS,온라인 신규 연회비,100.0,,,,,,,,,,,,,온라인 신규 연회비,100.0
삼성 iD 달달할인 카드,,,,,,,,,,,스트리밍,50.0,온라인쇼핑몰 멤버십,50.0,,
네이버페이 taptap,네이버페이 간편결제,10.0,일상팩 커피·편의점·배달앱,5.0,,,,,,,,,,,네이버페이 간편결제,10.0
NU I&U,온라인 신규 연회비,100.0,,,,,Daily 할인대중교통,10.0,"Daily 할인스타벅스, 폴바셋",10.0,,,,,온라인 신규 연회비,100.0
LOCA 365,신규회원 연회비,100.0,"LOCA 365로 매달 나가는관리비, 공과금",10.0,이동통신비,10.0,대중교통,10.0,배달앱,10.0,보험료,10.0,학습지,10.0,신규회원 연회비,100.0
삼성 iD EV 카드,전기차 충전요금최대,70.0,주차장·대리운전,10.0,하이패스,10.0,,,배달앱,10.0,스트리밍,20.0,해외 결제건,1.0,전기차 충전요금최대,70.0
롯데 포인트플러스 카드,롯데카드 온라인신청 특별 혜택신규회원 연회비,100.0,,,6개월 슬림 할부 서비스롯데백화점 5% 현장할인롯데면세점 최대,10.0,,,,,T.G.I. FRiDAY'S10% 현장할인미스터피자,15.0,롯데월드 50% 현장할인경주월드·대전오월드·광주패밀리랜드·통도환타지아 50% 현장할인서울랜드,30.0,롯데카드 온라인신청 특별 혜택신규회원 연회비,100.0
롯데백화점 롯데카드,롯데백화점 15% 청구할인 서비스롯데백화점,5.0,롯데카드 온라인 신청 특별 혜택신규회원 연회비,100.0,,,,,,,,,,,롯데백화점 15% 청구할인 서비스롯데백화점,5.0
삼성 iD SIMPLE 카드,국내외 가맹점 최대,1.0,온라인쇼핑몰 멤버십,50.0,,,카페업종 0.7 ·,1.0,외식업종 0.7 ·,1.0,온라인신규회원 연회비,100.0,,,국내외 가맹점 최대,1.0
taptap DIGITAL,삼성페이 네이버페이 카카오페이 등온라인 간편결제,5.0,넷플릭스 웨이브 티빙 멜론 왓챠 등스트리밍,50.0,편의점,10.0,올리브영 롭스 랄라블라 등헬스&뷰티,10.0,해외 1.5% 결제일할인다이소,10.0,온라인신규회원 연회비,100.0,,,삼성페이 네이버페이 카카오페이 등온라인 간편결제,5.0
엠베스트 엘리하이 삼성카드,,,,,,,,,,,,,,,,
KB국민 청춘대로 톡톡카드,온라인신규신청 연회비,100.0,"스타벅스 최대60% 할인간편결제(Pay) 이용 시,카페/베이커리",10.0,"버거/패스트푸드 최대 30% 할인!간편결제(Pay) 이용 시,외식업종",10.0,3대 통신사 통신요금,10.0,"버스, 지하철, 택시",10.0,간편결제(Pay) 이용 시,10.0,간편결제(Pay) 이용 시,10.0,온라인신규신청 연회비,100.0
KB국민 굿데이카드,,,,,이용 시,10.0,이용 시,10.0,모든 약국 업종 이용시,10.0,학원부터 독서실 업종까지,10.0,커피전문점 이용 시,10.0,,
KB국민 톡톡Pay카드,온라인신규신청 연회비,100.0,이용시 모든 결제금액 최대,40.0,,,,,간편결제 사용시 최대,40.0,간편결제 사용시 최대,40.0,간편결제 사용시 최대,40.0,온라인신규신청 연회비,100.0
NU Uniq,온라인 신규 연회비,100.0,,,,,,,,,,,,,온라인 신규 연회비,100.0
신세계이마트 삼성카드 7,신세계백화점,5.0,업종별 최대,3.0,,,,,,,,,,,신세계백화점,5.0
롯데월드카드 (삼성카드),,,온라인서점,7.0,롯데월드 입장권 2인 50% 할인롯데월드 연간이용권 최대 25% 할인롯데월드 기타서비스 최대 50% 할인롯데월드직영기념품샵,10.0,온라인쇼핑몰 7% 결제일할인신선식품 배송,7.0,배달앱,7.0,모든 주유소,7.0,아파트관리비,7.0,,
삼성카드 & MILEAGE PLATINUM(스카이패스),,,,,,,,,,,,,,,,
I’m YOLO 플래티넘 카드,롯데카드 온라인신청 특별혜택신규회원 연회비,100.0,,,,,,,,,,,,,롯데카드 온라인신청 특별혜택신규회원 연회비,100.0
삼성 iD PET 카드,동물병원,30.0,반려동물쇼핑몰,30.0,온라인 간편결제,5.0,손해보험,10.0,스트리밍,10.0,,,,,동물병원,30.0
삼성카드 taptap S,모든 가맹점,1.0,,,,,,,,,,,,,모든 가맹점,1.0
MY S-OIL 삼성카드,S-OIL,10.0,,,스타벅스 DT,30.0,고속도로 통행료,10.0,주차장·대리운전,10.0,,,,,S-OIL,10.0
CJ삼성iD카드,CJ온스타일,7.0,올리브영,10.0,뚜레쥬르,10.0,VIPS 20% 할인배달앱,5.0,,,티빙 이용료 정기결제 시,30.0,이동통신요금 정기결제 시,5.0,CJ온스타일,7.0
삼성 iD EDU 카드,학원·인터넷강의·학습지,10.0,,,온라인쇼핑몰 멤버십,50.0,배달앱,5.0,,,,,,,학원·인터넷강의·학습지,10.0
삼성 iD ENERGY 카드,"주유 건별 10,000원 결제일할인전기차 충전요금",10.0,버스·지하철·택시,10.0,주차장·대리운전,10.0,고속도로 통행료,10.0,스타벅스 DT,30.0,온라인신규회원 연회비,100.0,,,"주유 건별 10,000원 결제일할인전기차 충전요금",10.0
KB국민 My WE:SH 카드,온라인신규신청 연회비,100.0,KB Pay,10.0,"GS25, CU 최대",20.0,패밀리레스토랑등 음식점 최대20%할인배달의민족등 배달앱 최대,15.0,"SKT,KT,LGU+등",10.0,택시,5.0,"넷플릭스, 티빙 등 OTT",30.0,온라인신규신청 연회비,100.0
LOCA Mobility 반띵 카드,롯데카드 온라인신청 특별 혜택신규회원 연회비,100.0,"LOCA로 대중교통 반띵!버스, 지하철",50.0,LOCA로 미용실도 반띵!미용실 가맹점,50.0,LOCA로 온라인쇼핑도 반띵!쿠팡 위메프 등 50% 결제일 할인LOCA로 멤버십도 반띵!쇼핑 멤버십,50.0,"LOCA로 스트리밍도 반띵!넷플릭스,유튜브 등",50.0,LOCA로 커피도 반띵!스타벅스,50.0,,,롯데카드 온라인신청 특별 혜택신규회원 연회비,100.0
삼성 iD AUTO 카드,,,하이패스,10.0,주차장·대리운전,10.0,,,,,,,,,,
LOCA 나누기 카드,롯데카드 온라인신청 특별 혜택신규회원 연회비,100.0,,,,,,,,,,,,,롯데카드 온라인신청 특별 혜택신규회원 연회비,100.0
아시아나 삼성애니패스플래티늄,,,,,,,,,,,,,,,,
LOCA LIKIT,롯데카드 온라인신청 특별 혜택신규회원 연회비,100.0,LOCA LIKIT으로롯데시네마·CGV,50.0,"LOCA LIKIT으로시내버스, 지하철",10.0,LOCA LIKIT으로이동통신,10.0,LOCA LIKIT으로배달앱,5.0,LOCA LIKIT으로스타벅스 최대,60.0,,,롯데카드 온라인신청 특별 혜택신규회원 연회비,100.0
국민행복 삼성카드 V2,,,백화점·할인점·온라인쇼핑몰 등쇼핑,7.0,산후조리원,7.0,학원·학습지·온라인서점어린이집·유치원,7.0,주유,7.0,아파트 관리비·도시가스요금·전기요금자동납부 연결 시,7.0,통신 자동납부 연결시,7.0,,
네이버웹툰 삼성 iD 카드,네이버디지털콘텐츠/네이버플러스멤버십50% 네이버페이 포인트 적립해외,1.0,네이버페이로 결제 시국내가맹점,1.0,온라인쇼핑몰,5.0,커피전문점,5.0,배달앱,5.0,,,,,네이버디지털콘텐츠/네이버플러스멤버십50% 네이버페이 포인트 적립해외,1.0
삼성 iD MOVE 카드,대중교통·택시,10.0,이통통신,10.0,스트리밍,10.0,커피전문점,10.0,편의점,10.0,,,,,대중교통·택시,10.0
KB국민 톡톡 my point 카드,온라인신규신청 연회비,100.0,,,KB Pay,5.0,,,,,,,,,온라인신규신청 연회비,100.0
KB국민 FINETECH카드(마일리지 대한항공),온라인신규신청 연회비,100.0,,,,,,,,,,,,,온라인신규신청 연회비,100.0
삼성 iD ALL 카드,백화점·할인점·슈퍼마켓 중많이 쓰는 영역,5.0,백화점·할인점·슈퍼마켓 중많이 쓰는 영역,5.0,,,,,,,,,온라인신규회원 연회비,100.0,백화점·할인점·슈퍼마켓 중많이 쓰는 영역,5.0
LOCA CLASSIC (로카 클래식),롯데카드 온라인신청 특별 혜택신규회원 연회비,100.0,쇼핑 관련 가맹점최대,1.0,카페/베이커리 가맹점최대,1.0,외식업종 가맹점최대,1.0,레저 관련 가맹점최대,1.0,문화 관련 가맹점최대,1.0,편의점 가맹점최대,1.0,롯데카드 온라인신청 특별 혜택신규회원 연회비,100.0
KB국민 톡톡O 카드,온라인신규신청 연회비,100.0,넷플릭스 등 OTT플랫폼,100.0,온라인 간편결제,10.0,편의점 업종,5.0,버스 ·지하철,5.0,,,,,온라인신규신청 연회비,100.0
삼성 iD VITA 카드,"병원, 의원, 약국",20.0,보험,10.0,할인점,10.0,렌탈,10.0,이동통신,10.0,온라인쇼핑몰멤버십 10% 결제일할인[뷰티] 헬스/뷰티,20.0,해외,1.0,"병원, 의원, 약국",20.0
LOCA LIKIT Eat,롯데카드 온라인신청 특별 혜택신규회원 연회비,100.0,LOCA LIKIT Eat으로음식점 가맹점 60% 할인배달앱도,60.0,LOCA LIKIT Eat으로쇼핑 멤버십,60.0,LOCA LIKIT Eat으로커피,60.0,,,,,,,롯데카드 온라인신청 특별 혜택신규회원 연회비,100.0
카드의정석SHOPPING,온라인 신규 연회비,100.0,온라인 쇼핑 10% 청구할인오프라인 쇼핑,10.0,온라인업종4대PAY결제시,5.0,,,"스타벅스,폴바셋",10.0,,,,,온라인 신규 연회비,100.0
taptap SHOPPING,온라인 쇼핑 5% 할인오프라인 쇼핑,5.0,,,,,,,,,,,,,온라인 쇼핑 5% 할인오프라인 쇼핑,5.0
롯데 국민행복카드,,,롯데 국민행복카드로롯데월드 50% 현장할인서울랜드,30.0,롯데 국민행복카드로택시·시내버스·지하철,10.0,"롯데 국민행복카드로키자니아 30% 청구할인유원지, 놀이시설",10.0,"롯데 국민행복카드로보육료·유아학비 10% 청구할인학원, 학습지",10.0,롯데 국민행복카드로병원·약국·산후조리원,5.0,롯데 국민행복카드로쇼핑,5.0,,
카드의정석 WOWRI,온라인 신규 연회비,100.0,대중교통 업종 모아포인트,5.0,전기차 충전 업종 모아포인트 5%적립주유업종 모아포인트,1.0,이동통신 업종 모아포인트,5.0,주요 간편결제 모아포인트,3.0,커피전문점 모아포인트,3.0,영화 업종 모아포인트,3.0,온라인 신규 연회비,100.0
카드의정석 UNTACT,온라인 신규 연회비,100.0,쿠팡 로켓와우 멤버십 청구할인게임 정기결제 10% 청구할인해외 가맹점 1% 청구할인멤버십 정기결제,20.0,,,이동통신요금 정기결제,10.0,도시가스요금 정기결제 10% 청구할인전기요금 정기결제,10.0,4대 보험료 정기결제,10.0,학습지 정기결제,10.0,온라인 신규 연회비,100.0
LOCA LIKIT Shop,롯데카드 온라인신청 특별 혜택신규회원 연회비,100.0,LOCA LIKIT Shop으로미용실,60.0,LOCA LIKIT Shop으로편의점,60.0,LOCA LIKIT Shop으로온라인 쇼핑•쇼핑 멤버십,60.0,,,,,,,롯데카드 온라인신청 특별 혜택신규회원 연회비,100.0
KB국민 알뜰교통플러스카드,"버스, 지하철",10.0,이동통신요금 자동납부시,5.0,카페 최대,10.0,약국 최대,10.0,편의점 최대,10.0,"CGV, 롯데시네마 최대",10.0,패스트푸드점 최대,10.0,"버스, 지하철",10.0
샤롯데 플래티넘 스타 카드,롯데카드 온라인신청 특별 혜택신규회원 연회비,100.0,,,엔제리너스 둘이 가면 1명은 무료!커피 전문점,5.0,,,,,,,T.G.I.FRiDAY'S 10%할인미스터피자,15.0,롯데카드 온라인신청 특별 혜택신규회원 연회비,100.0
BLISS.7카드,,,,,,,,,,,,,,,,
알뜰교통플러스 삼성카드,대중교통,10.0,디지털콘텐츠 정기결제시,5.0,이동통신 정기결제 시,5.0,커피전문점,15.0,해외,1.0,"항공, 철도",1.0,온라인신규회원 연회비,100.0,대중교통,10.0
NU Nature,온라인 신규 연회비,100.0,전기차 충전,60.0,대중교통 (버스/지하철) 10% 적립공유 모빌리티,10.0,스트리밍 10% 적립전자책,10.0,커피,10.0,,,,,온라인 신규 연회비,100.0
KB국민 톡톡D 카드,온라인신규신청 연회비,100.0,배달의민족 등 배달앱 최대,60.0,마켓컬리 최대,60.0,온라인 간편결제,10.0,편의점 업종,5.0,버스 ·지하철,5.0,,,온라인신규신청 연회비,100.0
KB국민 가온올림카드(실속형),온라인신규신청 연회비,100.0,,,,,,,,,,,"롯데월드, 에버랜드 50% 현장할인캐리비안베이",30.0,온라인신규신청 연회비,100.0
KB국민 Easy all 티타늄카드,온라인신규신청 연회비,100.0,넷플릭스·멜론 등 정기결제,10.0,커피 업종 이용 시 10% 할인제과/아이스크림 업종,10.0,,,패스트푸드·배달앱 이용시 10% 할인레스토랑·뷔페 등 음식업종,3.0,SK·GS주유소 및 충전소,5.0,SKT·KT·LGU+·리브M이동통신 업종,5.0,온라인신규신청 연회비,100.0
DA@카드의 정석,온라인 신규 연회비,100.0,,,,,,,,,,,,,온라인 신규 연회비,100.0
HERITAGE Smart [대한항공 마일리지형],,,,,,,,,"쇼핑 2천원당 최대 3마일 적립KB Pay 이용 시,랭킹닭컴 배송완료시 포인트 6배 적립유어버스데이 꽃배달",20.0,,,,,,
카드의정석 NEW우리V카드,전국 대형마트,5.0,전국 백화점,5.0,전국 주유소,5.0,전국 병의원,5.0,전국 모든 학원,5.0,,,커피,20.0,전국 대형마트,5.0
BC 바로 알뜰교통 플러스 카드,신규발급시 연회비,100.0,버스/지하철,15.0,편의점,5.0,매월 자동 결제 되는OTT/스트리밍,15.0,카페,5.0,이동통신요금,5.0,해외 가맹점,3.0,신규발급시 연회비,100.0
KB국민 BeV V카드(스카이패스형),,,전세계 공항 라운지 동반1인 무료이용롯데호텔 객실 20~30% 할인 롯데호텔 F&B(식음료),10.0,,,롯데백화점 문화센터,30.0,,,해외여행상품 최대,5.0,,,,
기업은행 BLISS.5 카드,,,,,,,,,,,,,,,,
알뜰교통 우리카드,"버스, 지하철",10.0,공과금 자동납부,10.0,렌탈비 자동납부,10.0,학습지 자동납부,10.0,보험료 자동납부,10.0,,,스타벅스,10.0,"버스, 지하철",10.0
D4@카드의 정석,온라인 신규 연회비,100.0,대중교통,33.0,커피 4대 브랜드통합,55.0,,,편의점,11.0,,,,,온라인 신규 연회비,100.0
우리 국민행복카드 S2,,,"병·의원,산후조리원,약국",7.0,온라인 쇼핑 이용금액 5% 청구할인백화점 이용금액,5.0,대형할인점 이용금액,5.0,이동통신요금,5.0,"도시가스요금, 전기요금",5.0,렌탈 이용금액,5.0,,
기업은행 마일앤조이카드,,,,,,,"KTX, SRT 일반석",10.0,,,,,,,,
기업은행 일상의 기쁨카드,"스타벅스, 커피빈, 할리스, 투썸 등주요 커피전문점",20.0,"쿠팡, 티몬, 위메프온라인쇼핑",20.0,"올리브영,GS25, CU, 세븐일레븐주요 편의점",10.0,"이마트, 홈플러스, 롯데마트대형마트 이용시",5.0,,,,,레저전국 주요 놀이공원,50.0,"스타벅스, 커피빈, 할리스, 투썸 등주요 커피전문점",20.0
IBK 무직타이거 카드,"쿠팡, 티몬, 위메프",20.0,주요 커피전문점,20.0,"이마트,홈플러스,롯데마트",5.0,"GS25, CU, 세븐일레븐",10.0,,,,,,,"쿠팡, 티몬, 위메프",20.0
기업은행 Oil & Life카드 (Oil),,,,,"SKT, KT, LGT 통신 3사휴대폰 이용금액",3.0,,,,,,,,,,
코웨이 IBK카드,,,,,,,,,,,,,,,,
DailyWith (데일리위드)카드,6대 생활영역 1% 기본캐시백이용금액 많은 영역,1.0,이마트/홈플러스/롯데마트,1.0,전국 음식점주점/커피전문점,1.0,쿠팡/11번가/G마켓/위메프온라인쇼핑,1.0,종합병원/병의원/한의원/치과병원비,1.0,"버스, 지하철",1.0,전 주유소,1.0,6대 생활영역 1% 기본캐시백이용금액 많은 영역,1.0
신한카드 Deep Dream,신규 고객 연회비,100.0,,,,,,,,,,,,,신규 고객 연회비,100.0
신한카드 Deep Oil,신규 고객 연회비,100.0,주유서비스,10.0,전국 모든 주차장 10% 할인스피드메이트,10.0,"스타벅스, 이디야",5.0,택시 이용금액,5.0,,,"GS25, CU ",5.0,신규 고객 연회비,100.0
KB국민 와이즈홈카드,,,휴대폰요금 자동납부시,10.0,학원 업종,5.0,"버스, 지하철",5.0,전국 주요 대형할인마트,5.0,,,,,,
카드의정석 UNTACT AIR,온라인 신규 연회비,100.0,이동통신요금 정기결제,10.0,도시가스요금 정기결제 10% 청구할인전기요금 정기결제,10.0,4대 보험료 정기결제,10.0,학습지 정기결제,10.0,렌탈 정기결제,10.0,문화 정기결제,20.0,온라인 신규 연회비,100.0
zgm.play카드,"인앱결제 10% 청구할인올리브영 5% 청구할인쿠팡, 티몬",5.0,PC게임 충전 결제 10% 청구할인PC게임방 10% 청구할인온라인서점 5% 청구할인오프라인서점,5.0,이동통신요금,10.0,피트니스업종,10.0,교통,10.0,,,,,"인앱결제 10% 청구할인올리브영 5% 청구할인쿠팡, 티몬",5.0
zgm.휴가중카드,기본적립 :,2.0,호텔스닷컴 이용 시,20.0,,,,,,,,,,,기본적립 :,2.0
신한카드 Simple+,신규 고객 연회비,100.0,,,,,,,,,,,,,신규 고객 연회비,100.0
IBK DC히어로즈 카드,6대 생활영역 1% 기본캐시백이용금액 많은 영역,1.0,전국 음식점주점/커피전문점,1.0,쿠팡/11번가/G마켓/위메프온라인쇼핑,1.0,이마트/홈플러스/롯데마트,1.0,GS25/CU/세븐일레븐,1.0,SKT/KT/LGU+/LG헬로비전이동통신 요금 자동이체,1.0,종합병원/병의원/한의원/치과병원비,1.0,6대 생활영역 1% 기본캐시백이용금액 많은 영역,1.0
NU Uniq Point,온라인 신규 연회비,100.0,,,,,"쿠팡,G마켓,11번가,해외",2.0,,,,,,,온라인 신규 연회비,100.0
NH농협 올바른FLEX 카드,스타벅스,50.0,스트리밍 서비스,20.0,"배민, 요기요",10.0,온라인쇼핑,5.0,"지하철, 버스",7.0,SKT/KT/LGU+,7.0,"CGV, 롯데시네마",30.0,스타벅스,50.0
신한카드 Deep Dream(모베러웍스),신규 고객 연회비,100.0,,,,,,,,,,,,,신규 고객 연회비,100.0
zgm.play++카드,"인앱결제 10% 청구할인올리브영 5% 청구할인쿠팡, 티몬",5.0,PC게임 충전 결제 10% 청구할인PC게임방 10% 청구할인온라인서점 5% 청구할인오프라인서점,5.0,이동통신요금,10.0,피트니스업종,10.0,교통,10.0,,,,,"인앱결제 10% 청구할인올리브영 5% 청구할인쿠팡, 티몬",5.0
KB국민 와이즈카드,최대,5.0,최대,5.0,최대,5.0,최대,5.0,최대,5.0,최대,5.0,대형마트 최대,5.0,최대,5.0
신한 Hi-Point 카드,주요 혜택모아 최대 5% 포인트 적립전 가맹점 이용금액 최대,2.0,,,롯데마트·이마트·홈플 최대,5.0,이동통신요금 자동이체 최대,5.0,롯데·현대백화점 결제 최대 5% 적립CJ오쇼핑·CJmall 최대 5%적립포인트로 백화점/할인점 상품권 교환!2~3개월 무이자 할부 서비스쇼핑,30.0,대형 놀이공원 최대,50.0,,,주요 혜택모아 최대 5% 포인트 적립전 가맹점 이용금액 최대,2.0
현대카드M BOOST,,,,,,,,,,,온라인 간편결제 서비스,5.0,,,,
카드의정석 MILEAGE SKYPASS,,,,,,,,,,,,,,,,
무민 카드(신용),주요 커피전문점,20.0,온라인쇼핑,20.0,대형마트 이용시,5.0,,,,,,,"GS25,CU,세븐일레븐",10.0,주요 커피전문점,20.0
신한카드 플리(산리오캐릭터즈),,,,,,,,,,,,,,,,
zgm.the pay카드,,,,,,,,,,,,,,,,
the Green Edition2,연회비,100.0,,,국내외 가맹점 1~2% M포인트 적립영역별,5.0,,,,,,,,,연회비,100.0
신한카드 경차사랑 Life,,,,,편의점 업종,10.0,커피전문점,10.0,,,,,병원/약국,10.0,,
the Pink,,,국내외 가맹점 1~2% M포인트 적립영역별,5.0,,,,,,,,,,,,
K-22(Point),,,,,,,주요 커피전문점,20.0,백화점·대형마트,10.0,KTX·SRT,10.0,,,,
K-22(Mileage),,,,,,,주요 커피전문점,20.0,백화점·대형마트,10.0,KTX·SRT,10.0,,,,
현대카드X2 BOOST,온라인 간편결제,5.0,모든가맹점 실적별,1.0,,,,,,,,,,,온라인 간편결제,5.0
zgm.고향으로카드,,,,,,,,,,,,,,,,
현대카드Z work,편의점 이용금액의,10.0,대중교통 이용금액의,10.0,커피전문점 이용금액의,50.0,이동통신요금 정기결제 시,7.0,온라인 간편결제 서비스이용금액의,10.0,,,,,편의점 이용금액의,10.0
현대카드ZERO Edition2(할인형),,,,,,,,,,,,,,,,
KB국민 WE:SH All 카드,온라인신규신청 연회비,100.0,"국내가맹점 실적, 한도 없이 1%할인 해외가맹점 실적 없이",2.0,로켓와우멤버십 등 자동납부,50.0,"넷플릭스,티빙 등 자동납부",10.0,"SKT,KT 등 자동납부요금",5.0,"전월실적, 한도없이 카페 1%할인전월실적, 한도없이 베이커리",1.0,"전월실적, 한도없이 편의점",1.0,온라인신규신청 연회비,100.0
KB국민 마일리지 가온카드(대한항공),,,,,,,,,,,,,,,,
KB국민행복카드,,,,,홈쇼핑 · 온라인쇼핑몰,5.0,,,문화센터·학습지,5.0,키즈카페,5.0,아파트 관리비 자동납부시,5.0,,
쇼핑앤조이 카드,"후불교통 및 택시비 청구할인!버스, 지하철, 택시",5.0,이동통신요금 자동이체,5.0,"국내 온라인 쇼핑 5,000원 할인!해외 온·오프라인 쇼핑",5.0,,,,,당행 이체수수료/타행 출금수수료 면제환전 시 환율,70.0,,,"후불교통 및 택시비 청구할인!버스, 지하철, 택시",5.0
카드의정석 MILEAGE Asiana Club,,,,,,,,,,,,,,,,
아시아나 신한카드 Air 1.5,신규 고객 연회비,100.0,,,,,,,,,,,,,신규 고객 연회비,100.0
KB국민 톡톡F 카드,온라인신규신청 연회비,100.0,지그재그·무신사 최대,60.0,온라인 간편결제,10.0,편의점 업종,5.0,버스 ·지하철,5.0,,,,,온라인신규신청 연회비,100.0
트래블로그 신용카드,,,국내외 전 가맹점 1.0% 적립면세 가맹점 3% 하나머니 적립!여행 가맹점 3% 하나머니 적립!해외 전 가맹점,3.0,,,항공 가맹점,3.0,,,,,,,,
KB국민 탄탄대로 온리유 티타늄카드,,,,,,,기타 차량서비스 업종,10.0,자동납부 시,10.0,,,이용 시 최대,50.0,,
olleh Super DC IBK카드,,,아웃백/VIPS/TGIF,10.0,,,,,,,,,,,,
KB국민 FINETECH카드(마일리지 아시아나),온라인신규신청 연회비,100.0,,,,,,,,,,,,,온라인신규신청 연회비,100.0
KB국민 마이핏카드(할인형),VIPS·아웃백 최대 1만원 할인배달앱 이용 시,5.0,,,,,,,,,,,,,VIPS·아웃백 최대 1만원 할인배달앱 이용 시,5.0
KB국민 탄탄대로 온리유카드,차량 관리 서비스 업종,5.0,,,,,자동납부 시,5.0,,,"롯데월드, 에버랜드 50% 할인캐리비안베이",30.0,플러스 O2O 이용 시,5.0,차량 관리 서비스 업종,5.0
KB국민 Our WE:SH 카드,온라인신규신청 연회비,100.0,SKT등 이동통신요금,10.0,"한식,중식,일식,양식업종 5%청구할인배달의민족 등 배달앱 5% 청구할인패스트푸드 업종",10.0,신세계백화점 등 백화점,5.0,롯데마트 등 대형마트 5% 청구할인롯데슈퍼 등 SSM,5.0,"SK주유소,SK충전소",5.0,CGV등 영화관,10.0,온라인신규신청 연회비,100.0
경차 smart 롯데카드,,,,,,,,,,,,,,,,
KB국민 HERITAGE Smart [할인형],"국내가맹점 실적, 한도 없이 1%할인해외가맹점 실적, 한도 없이",3.0,,,롯데백화점 등 백화점 최대 6%할인신라면세점등 인터넷면세점 최대6%할인발란 등 온라인 명품 최대 6%할인 랭킹닭컴 배송완료시 포인트 6배 적립유어버스데이 꽃배달,20.0,"택시 최대 6%할인버스, 지하철",1.0,"골프장, 요가업종 등 최대 6%할인롯데월드 등 1%청구할인전월 이용실적 조건 및 적립한도 없음아고다 국내외 호텔 예약시 10%할인국내, 해외 렌터카 최대",90.0,"GS주유소,SK주유소등 최대",6.0,"CU, GS25 등 최대",6.0,"국내가맹점 실적, 한도 없이 1%할인해외가맹점 실적, 한도 없이",3.0
삼성 BIZ iD BENEFIT 카드,,,,,,,,,,,주유·전기차충전요금,3.0,이동통신·인터넷/유선통신,3.0,,
원더카드 T  ,SKT통신요금 20% 적립T멤버십 바코드 결제,20.0,대형 마트,10.0,대중교통,10.0,,,,,,,,,SKT통신요금 20% 적립T멤버십 바코드 결제,20.0
현대카드Z family,이마트·홈플러스·롯데마트,10.0,배달의민족·요기요·쿠팡이츠,10.0,네이버쇼핑·쿠팡·G마켓 등,10.0,,,통신요금 7% 할인아파트관리비 · 도시가스,7.0,,,,,이마트·홈플러스·롯데마트,10.0
KB국민 Easy on카드,온라인신규신청 연회비,100.0,야놀자·여기어때·데일리호텔,5.0,배달의민족 5% 할인 외식업종,5.0,G마켓·옥션·11번가 최대 10%할인쿠팡·티몬·위메프 5% 할인롯데·현대·신세계백화점 5% 할인마켓컬리,5.0,스타벅스·커피빈 5% 할인제과·아이스크림 업종,5.0, GS25·CU,5.0,멜론·지니,5.0,온라인신규신청 연회비,100.0
알뜰교통 신한카드,신규 고객 연회비,100.0,버스/지하철 이용액 결제일 10%할인택시 이용액 결제일,10.0,3대 대형마트 주말 이용액,10.0,스타벅스/커피빈 등 결제일,10.0,편의점 이용액 결제일,10.0,전기차 자동차 보험 가입 3만원 할인전기차 충전요금 최대 50% 할인전기차 하이패스 요금,10.0,병원/약국 이용액 결제일,10.0,신규 고객 연회비,100.0
KB국민 Easy Pick카드,온라인신규신청 연회비,100.0,대형마트 이용 시,5.0,이용 시,5.0,"홈쇼핑, 백화점, 소셜커머스 5%적립인터넷쇼핑몰 최대10%,마켓컬리",5.0,배달앱 이용 시,5.0,온라인서점 이용 시,5.0,편의점 업종 이용 시,5.0,온라인신규신청 연회비,100.0
코웨이 KB국민카드,,,,,뷰티업종에서,5.0,,,,,,,,,,
KB국민 그린카드(전국형),에코머니 가맹점 최대,5.0,,,대중교통 이용 시 최대 20% 적립철도 업종 이용 시 최대,10.0,,,대형마트 이용 시 최대,3.0,,,,,에코머니 가맹점 최대,5.0
KB국민 쿠쿠렌탈Ⅱ카드,,,,,,,,,,,,,,,,
KB국민 CLiP카드,,,,,,,,,,,,,,,,
T-Premium KB국민카드,,,,,,,,,,,,,,,,
KB국민 Liiv M Ⅱ카드,,,,,,,,,,,,,,,,
현대카드ZERO Edition2(포인트형),,,,,,,,,,,,,,,,
이디야 하나카드,,,디지털 구독,30.0,대중 교통,5.0,,,,,,,,,,
하나 국민행복카드,,,"병원, 약국 업종",5.0,,,커피 전문점,10.0,,,,,,,,
IBK-Hybrid카드,,,,,,,,,,,,,,,,
현대카드Z ontact,"넷플릭스, 유튜브프리미엄, 왓챠 등디지털콘텐츠 이용금액의",30.0,온라인쇼핑 월 멤버십이용금액,70.0,배달 앱 이용금액의,10.0,커피전문점 스마트오더이용금액의,50.0,온라인 간편결제 서비스이용금액,10.0,,,,,"넷플릭스, 유튜브프리미엄, 왓챠 등디지털콘텐츠 이용금액의",30.0
NH농협 올원 파이카드,대중교통(버스/지하철),5.0,주요 커피전문점,20.0,국내 주요 편의점,5.0,국내 모든 온라인쇼핑몰 최대20%할인잡화,5.0,,,,,,,대중교통(버스/지하철),5.0
신한카드 국민행복 ,,,병원/약국/산후조리원,5.0,"SSG닷컴, 롯데ON, 11번가G마켓, 쿠팡",5.0,"어린이집/유치원 중 부모부담금,전국 학원",10.0,"배달의민족, 요기요",10.0,"넷플릭스, 유튜브프리미엄",50.0,,,,
THE CJ KB국민카드," CJ mall 5% 청구할인올리브영10%할인, 1%적립 추가제공CJ오쇼핑 TV방송·카탈로그",5.0,,,CJ푸드빌 최대,20.0,CJ 올리브영 구매시 10% 현장할인이용금액,1.0,CJ푸드빌,10.0,,,,," CJ mall 5% 청구할인올리브영10%할인, 1%적립 추가제공CJ오쇼핑 TV방송·카탈로그",5.0
the Red Edition5,연회비,100.0,,,,,,,,,,,,,연회비,100.0
현대카드X BOOST,,,모든 가맹점 실적별,1.0,,,,,,,,,,,,
the Red Stripe,,,,,,,,,,,,,,,,
#MY WAY (샵 마이웨이),,,,,,,,,,,,,,,,
기업은행 용인시민카드,,,"이마트, 홈플러스, 롯데마트, 농협주요 대형마트",5.0,,,주요 패밀리 레스토랑 20% 할인!불고기브라더스,20.0,"스타벅스, 커피빈, 카페베네 등주요 커피전문점",20.0,"쿠팡, 티몬, 위메프 등온라인 쇼핑",20.0,,,,
현대카드X3 BOOST,온라인 간편결제,5.0,,,모든가맹점 실적별,1.0,,,,,,,,,온라인 간편결제,5.0
Mile 1.6 아시아나,,,,,,,,,,,,,,,,
원더카드 HAPPY,페이결제,5.0,커피,5.0,대형 마트,5.0,주유/LPG충전,5.0,뷰티 앤 펫,5.0,,,,,페이결제,5.0
KB국민 그린카드(서울형),에코머니 가맹점 최대,5.0,,,대중교통 이용 시 최대 20% 적립철도 업종 이용 시 최대,10.0,,,대형마트 이용 시 최대,3.0,,,,,에코머니 가맹점 최대,5.0
원더카드 LIVING  ,생활요금,10.0,주유/LPG충전,10.0,커피,10.0,병원/약국,10.0,,,"택시업종, 카카오T, UT",10.0,,,생활요금,10.0
코스트코 리워드 현대카드,코스트코 결제시 최대 3% 포인트적립편의점·카페 등 최대 2% 포인트적립모든 가맹점 기본,1.0,"코스트코 매장, 온라인몰 결제 시최대",3.0,"스타벅스, 파리바게뜨, 뚜레쥬르 등최대",2.0,"GS25, CU, 이마트24최대",2.0,"CGV, 롯데시네마, 메가박스최대",2.0,버스 및 지하철최대,2.0,,,코스트코 결제시 최대 3% 포인트적립편의점·카페 등 최대 2% 포인트적립모든 가맹점 기본,1.0
현대카드M2 BOOST,,,,,,,,,온라인 간편결제 서비스,5.0,,,,,,
현대카드M3 BOOST,,,,,,,,,,,,,,,,
원더카드 DAILY,대중교통,10.0,편의점,10.0,영상스트리밍,40.0,온라인식품 & 쇼핑,10.0,,,,,,,대중교통,10.0
KB국민 LGU+ 심플라이트카드,,,,,,,,,,,,,,,,
My Trip AsianaClub 카드,,,,,,,,,,,,,,,,
트레이더스 신세계 삼성카드,트레이더스 최대,5.0,신세계백화점,5.0,이동통신,5.0,커피전문점,5.0,학원·서점·학습지·인터넷강의,5.0,병원·약국,5.0,,,트레이더스 최대,5.0
CLUB Signature SKYPASS,,,,,,,,,,,,,,,,
KB국민 SK매직 올림카드,,,"롯데월드, 에버랜드 50% 할인캐리비안베이",30.0,,,,,,,,,,,,
IBK-Syrup카드,,,,,,,,,,,,,,,,
NH농협 별다줄카드,국내 온라인 전 가맹점,7.0,무신사·크림·야놀자 등,14.0,"대중교통(버스,지하철)",5.0,"스타벅스,이디야",5.0,편의점,5.0,통신요금,5.0,배달앱,5.0,국내 온라인 전 가맹점,7.0
갤러리아 KB국민카드,갤러리아 백화점(Mall),5.0,,,,,,,,,,,,,갤러리아 백화점(Mall),5.0
국민연금증 연금하나카드,,,,,"GS25,CU,세븐일레븐",5.0,SSM,5.0,SK주유소,5.0,,,,,,
다둥이행복카드,,,스타벅스,20.0,자유적금 연 0.2% 금리 우대우리은행 이용 수수료면제우리은행 환전수수료,50.0,대중교통요금,10.0,,,,,유명의류 10%할인현대홈쇼핑,3.0,,
KB국민 청호나이스Ⅱ카드,,,,,,,,,,,,,,,,
KB국민 청춘대로 1코노미카드,편의점 업종 이용 시,20.0,모든 음식점 업종 이용 시 5% 적립배달앱 이용 시,5.0,,,택시 이용 시,5.0,쇼핑 업종,5.0,,,,,편의점 업종 이용 시,20.0
삼성페이 삼성카드 taptap,삼성 페이로 결제 시,10.0,이동통신요금 자동납부 시,10.0,,,,,,,,,,,삼성 페이로 결제 시,10.0
신세계 THE S VIP 삼성카드,신세계백화점,1.0,,,,,커피전문점,20.0,,,놀이공원 50%·워터파크,30.0,,,신세계백화점,1.0
T 라이트 삼성카드,,,커피전문점,5.0,배달앱,5.0,편의점,5.0,,,,,,,,
모두렌탈 KB국민카드,,,,,,,,,,,,,,,,
모두의 신세계 하나카드,"백화점, 아카데미 5% 청구 할인시코르닷컴",5.0,페이결제,5.0,카페 20% 청구 할인베이커리,20.0,택시,20.0,"놀이공원, 워터파크 30% 청구 할인프로야구, 프로축구",30.0,,,,,"백화점, 아카데미 5% 청구 할인시코르닷컴",5.0
하나멤버스 1Q카드 내맘대로,점심값,7.0,"11번가,G마켓,옥션",5.0,택시 10% 하나머니 적립교통영역 내맘대로 서비스 변경대중교통,5.0,편의점,7.0,"SKT/B,KT,LGU+",5.0,,,,,점심값,7.0
#tag1카드 Navy (태그원카드 네이비),통신요금,10.0,쇼핑,10.0,,,대형마트,5.0,패밀리레스토랑,10.0,놀이공원 본인,50.0,학원,10.0,통신요금,10.0
NH농협 알뜰교통카드,버스/지하철/택시/철도,10.0,렌터카/카쉐어링 10% 청구할인스포츠,5.0,오픈마켓 5% 청구할인H&B(뷰티),5.0,이동통신요금,5.0,배달앱,5.0,전기차 충전,10.0,커피전문점,10.0,버스/지하철/택시/철도,10.0
아모레퍼시픽IBK카드,,,"스타벅스, 커피빈, 투썸플레이스 등주요 카페전문점",20.0,"올리브영, GS, CU, 세븐일레븐주요 편의점",10.0,"이마트, 홈플러스, 롯데마트대형마트",5.0,,,,,레저전국 주요 놀이공원 최대,50.0,,
zgm.rounding카드,"골프•연습장, 스크린골프 5% 할인쇼골프 연습장 일 타석권",50.0,커피전문점,10.0,,,,,,,,,,,"골프•연습장, 스크린골프 5% 할인쇼골프 연습장 일 타석권",50.0
KB국민 톡톡 my living카드,온라인신규신청 연회비,100.0,"온라인쇼핑  최대 15% 적립쿠팡, 마켓컬리  최대 15% 적립슈퍼마켓 최대",15.0,이마트 등 대형마트 최대,15.0,이동통신요금 자동결제,10.0,렌탈 자동결제 ,10.0,학원 업종 최대,15.0,서점 업종 최대,15.0,온라인신규신청 연회비,100.0
Flex카드 몽블랑 에디션,,,스트리밍,30.0,커피,50.0,롯데면세점 최대,15.0,,,,,,,,
신한카드 Deep On Platinum+,신규 고객 연회비,100.0,"간편결제 온라인업종 이용시 10%할인요기요,GS프레시 추가",10.0,해외 이용금액,10.0,제주항공 · 에어부산,10.0,4대 편의점,20.0,올리브영·다이소,20.0,스타벅스·투썸플레이스,20.0,신규 고객 연회비,100.0
NU Blanc,국내 전가맹점 1~1.8% 포인트적립해외 전 가맹점,3.0,,,,,,,,,,,,,국내 전가맹점 1~1.8% 포인트적립해외 전 가맹점,3.0
신한카드 Shopping,커피전문점,10.0,,,5대 마트 10% 할인!창고형 할인매장,10.0,온라인서점,10.0,5대 백화점 10% 할인!프리미엄 아울렛 10% 할인!홈쇼핑 10% 할인!소셜커머스,10.0,"다이소, 올리브영",10.0,,,커피전문점,10.0
스타벅스 현대카드,,,,,,,,,,,,,,,,
NH농협 국민행복카드(비씨),,,"A 타입 혜택조산원, 산후조리원",5.0,A 타입 혜택주요 온라인 쇼핑몰,5.0,"A, B타입 공통 혜택주요 커피 전문점",20.0,"A, B 타입 공통 혜택주요 패밀리레스토랑",10.0,,,"A, B 타입 공통 혜택전국 시내버스, 지하철",5.0,,
신한카드 Edu,,,의료 업종 이용시,1.0,주요 3대 마트 이용시,1.0,,,,,,,,,,
참! 좋은 kt wiz 카드,"이마트,홈플러스,롯데마트,농협하나로대형마트",5.0,,,,,불고기브라더스 20% 현장 할인패밀리레스토랑,20.0,,,"KT위즈파크내 야구용품점 10% 할인쿠팡, 티몬, 위메프",20.0,,,"이마트,홈플러스,롯데마트,농협하나로대형마트",5.0
메리어트 본보이™ 더 베스트 신한카드,,,,,,,,,,,,,,,,
#Pay 신한카드,신규 고객 연회비,100.0,7개 Pay 국내 거래시,5.0,,,,,,,,,,,신규 고객 연회비,100.0
NH농협 올바른HOMETOWN카드,하나로마트/하나로클럽,5.0,슈퍼마켓 5% 청구할인홈쇼핑,10.0,병의원/약국 5% 청구할인건강식품,10.0,대중교통(버스/지하철),10.0,,,,,,,하나로마트/하나로클럽,5.0
LOCA 100,롯데카드 온라인신청 특별 혜택신규회원 연회비,100.0,,,쇼핑 관련 가맹점최대,1.0,카페/베이커리 가맹점최대,1.0,외식업종 가맹점최대,1.0,레저 관련 가맹점최대,1.0,문화 관련 가맹점최대,1.0,롯데카드 온라인신청 특별 혜택신규회원 연회비,100.0
My Trip SKYPASS 카드,,,진에어 항공권 구매 시,5.0,,,,,,,,,,,,
KB국민 아시아나 올림카드,,,,,,,,,,,,,,,,
zgm.streaming카드,,,스트리밍 이용요금,50.0,스타벅스 사이렌오더,50.0,온라인 간편결제,5.0,,,,,,,,
the Purple osée,,,,,,,,,,,,,,,,
신한카드 Air Platinum#,,,,,,,패션/요식 거리 이용금액,2.0,,,,,,,,
THE iD. PLATINUM (포인트),,,,,국내 가맹점,1.0,디지털콘텐츠,50.0,,,,,,,,
코웨이 플러스 하나카드,,,"이마트, 홈플러스, 롯데마트",3.0,커피빈,10.0,,,,,,,,,,
하나 스카이패스 아멕스 플래티늄,,,,,,,,,,,,,,,,
신세계 신한카드,신세계백화점 5% 결제일 할인이마트,5.0,해외 이용금액,5.0,커피숍,5.0,이마트,5.0,"GS칼텍스,S-Oil",5.0,온라인서점,5.0,,,신세계백화점 5% 결제일 할인이마트,5.0
카드의정석 UniMile in JEJU,제주도 숙박,5.0,제주도 관광지,5.0,5대항공사 UniMile,3.0,면세점 UniMile 2% 특별적립해외 UniMile,1.0,편의점 UniMile,1.0,,,,,제주도 숙박,5.0
IBK 그린카드 v2,,,"버스, 지하철 10%~",20.0,커피,10.0,온라인업종,5.0,생활요금,5.0,,,,,,
NH농협 SOHO 다사로이OIL카드,전 주유소 및 LPG,5.0,,,,,엔진오일 및 와이퍼 무료교환 서비스차량 구매액,1.0,카카오T대리 자동결제,10.0,,,,,전 주유소 및 LPG,5.0
NH농협 올바른POINT UP 카드,,,,,,,,,,,,,,,,
LOTTE ONers 롯데카드,L.POINT 최대,3.0,,,,,,,,,,,,,L.POINT 최대,3.0
신한카드 Deep Dream Platinum+,신규 고객 연회비,100.0,적립한도 없이０.7~1.1% 기본적립DREAM영역 이용시 최대5.5%적립해외 이용금액,10.0,제주항공·에어부산,10.0,,,,,,,,,신규 고객 연회비,100.0
신한카드 MY CAR,온라인 신규회원 연회비,100.0,모든 주유소 리터당 80원 결제일할인모든 충전소 리터당 40원 결제일할인전기차 충전요금,30.0,,,,,,,,,,,온라인 신규회원 연회비,100.0
신세계 멘즈라이프 삼성카드,신세계백화점,7.0,,,스타벅스,20.0,택시,3.0,편의점,3.0,골프연습장,3.0,신세계백화점 문화센터,7.0,신세계백화점,7.0
CLUB Signature Asiana Club,,,,,,,,,,,,,,,,
신세계 the Mile 하나카드,,,,,,,,,,,,,,,,
I’m WONDERFUL 플래티넘카드,롯데카드 온라인신청 특별혜택신규회원 연회비,100.0,,,,,,,,,,,,,롯데카드 온라인신청 특별혜택신규회원 연회비,100.0
카드의정석 UniMile,,,"해외, 면세점 UniMile 2%적립온라인여행사 UniMile",2.0,국내 렌터카 UniMile,1.0,,,"해외 박물관, 미술관",50.0,,,주유업종 UniMile,1.0,,
IBKhi카드,,,,,레저전국 주요 놀이공원 최대,50.0,"SKT, KT, LG U+ 통신3사휴대폰 이용 금액",3.0,"지하철, 버스 등 최대 300원 할인철도, 고속버스, 택시",5.0,,,,,,
삼성카드 스페셜마일리지,,,,,,,,,,,,,,,,
NH올원 Rental&코웨이카드,,,,,,,,,,,,,,,,
1Q Special+ (원큐 스페셜플러스),,,,,,,,,,,,,,,,
롯데백화점 FLEX 카드,,,롯데백화점 FLEX 카드로스트리밍,30.0,롯데백화점 FLEX 카드로카페,50.0,롯데백화점 FLEX 카드로롯데면세점 최대,15.0,,,,,,,,
우리카드 WON POINT AIR,적립한도 없이 0.8% 기본 적립전기차 충전,5.0,"멜론, 넷플릭스 정기결제",5.0,배달의민족 이용금액,5.0,스타벅스 사이렌오더 5% 적립카페 이용금액,1.0,온라인 쇼핑,3.0,대형마트 이용금액 1% 적립슈퍼마켓 이용금액,1.0,영화관 이용금액,1.0,적립한도 없이 0.8% 기본 적립전기차 충전,5.0
신한카드 The Classic+,,,,,,,,,,,제주JDC 면세점,8.0,,,,
삼성카드 BIZ LEADERS,,,온라인쇼핑몰,3.0,주유,3.0,할인점,3.0,4대 사회보험·손해보험,10.0,전기요금,10.0,이동통신·인터넷,10.0,,
현대카드 대한항공카드 030,,,,,,,슈퍼콘서트,20.0,,,,,,,,
ALL MY POINT 카드,,,쇼핑 가맹점,1.0,,,,,,,,,,,,
KB국민 스카이패스 티타늄카드,,,,,,,,,,,,,,,,
NH1961카드,,,온라인쇼핑,50.0,스트리밍,20.0,배달앱,10.0,,,,,,,,
신한카드 Globus,,,,,,,,,,,,,,,,
Hole In : WON 우리카드,골프 업종,5.0,"쿠팡,위메프,G마켓,11번가",1.0,"넷플릭스, 유튜브 프리미엄",1.0,,,S-OIL/현대오일뱅크 주유할인전기차 충전요금,10.0,커피전문점,10.0,,,골프 업종,5.0
L.CLASS L60카드(스카이패스형),,,,,,,,,,,,,,,,
신한카드 LABE,골프 기프트 옵션 연 1회(택1)1. 국내 골프장/연습장 5만원 할인2. 골프존 17만원 모바일상품권3. 부쉬넬 골프 거리측정기 할인권골핑 10%할인/배송비 2500원할인골프 레슨,10.0,,,,,배달의민족·쿠팡이츠,10.0,,,,,,,골프 기프트 옵션 연 1회(택1)1. 국내 골프장/연습장 5만원 할인2. 골프존 17만원 모바일상품권3. 부쉬넬 골프 거리측정기 할인권골핑 10%할인/배송비 2500원할인골프 레슨,10.0
KB국민 코웨이Ⅱ카드,,,,,,,,,,,,,,,,
인플카 현대카드,,,,,,,,,,,,,,,,
신한카드 RPM+,신규 고객 연회비,100.0,,,,,,,,,,,,,신규 고객 연회비,100.0
현대카드 대한항공카드 150,,,,,,,,,,,,,,,,
현대카드 MX Black,모든 가맹점 1% M포인트 기본 적립MX Black Zone,10.0,,,,,,,,,,,,,모든 가맹점 1% M포인트 기본 적립MX Black Zone,10.0
NH올원 쇼핑&TLC카드,,,"에버랜드,롯데월드,서울랜드",50.0,"스타벅스, 이디야",10.0,,,,,,,,,,
NH농협 올바른OIL카드,,,스타벅스/이디야,10.0,"CU, GS25",5.0,"버스,지하철,택시",5.0,카카오T대리,10.0,,,,,,
카드의정석 APT,,,유튜브 프리미엄 정기권 30%청구할인넷플릭스 정기권,30.0,,,,,,,,,,,,
THE iD. TITANIUM (포인트),,,,,,,,,,,,,,,,
NH농협 쏠쏠카드(SolSol),종합스포츠센터/요가,12.0,반려동물 업종,12.0,CGV,10.0,"스타벅스, 이디야 10% 청구할인주요 베이커리",10.0,주요 편의점,5.0,"SK에너지, NH오일",5.0,버스/지하철,5.0,종합스포츠센터/요가,12.0
신한카드 YOLOⓘ,신규 고객 연회비,100.0,택시 이용금액 최대,20.0,"CGV, 롯데시네마 최대",20.0,CU·GS25·세븐일레븐 최대,20.0,티몬·쿠팡 최대,20.0,스타벅스·커피빈 최대 20% 할인파리바게뜨·뚜레쥬르 최대,20.0,,,신규 고객 연회비,100.0
신한카드 핏(Fit),신규 고객 연회비,100.0,영역별 5회 이용 시 마다 스탬프적립모든 영역 스탬프 적립 시 추가포인트Flex 영역,10.0,,,,,,,,,,,신규 고객 연회비,100.0
CLUB PREMIER 카드 [Travel],국내 6대 저가항공,50.0,국내 면세점 업종,20.0,택시 업종,20.0,"스타벅스, 커피빈",20.0,,,,,,,국내 6대 저가항공,50.0
Mile 1.6 대한항공,,,,,,,,,,,,,,,,
SK매직 하나카드,,,대형마트 이용금액,3.0,커피빈,10.0,,,,,,,,,,
I’m WONDERFUL PLUS 카드,,,,,,,,,,,,,,,,
LOCA MONEY (로카 머니),"국내외 가맹점에서한도 제한 없이 로카로인 적립기본적립 1%, 특별적립",2.0,LOCA 카드 온라인신청 특별혜택신규회원 연회비,100.0,,,,,,,,,,,"국내외 가맹점에서한도 제한 없이 로카로인 적립기본적립 1%, 특별적립",2.0
CU·배달의민족 삼성카드 taptap,,,,,,,,,,,,,,,,
NU Biz,BASIC – 0.5% 포인트 적립OWNER -,5.0,OPERATION,5.0,,,,,,,,,,,BASIC – 0.5% 포인트 적립OWNER -,5.0
현대카드 대한항공카드 the First,,,,,,,,,슈퍼콘서트,20.0,,,,,,
현대백화점 FIT카드,현대백화점,5.0,,,,,,,,,,,,,현대백화점,5.0
쿠쿠 프리멤버쉽 하나카드,,,"이마트, 홈플러스, 롯데마트",3.0,커피빈 이용금액,10.0,,,,,,,,,,
L.CLASS L60카드(L.POINT형),L.POINT,1.0,,,,,,,,,,,,,L.POINT,1.0
카드의정석 댕댕냥이,온라인 신규 연회비,100.0,온라인 쇼핑 10% 청구할인오프라인 쇼핑,10.0,4대 PAY,5.0,해외 이용금액,1.0,,,"스타벅스, 폴바셋",10.0,,,온라인 신규 연회비,100.0
신한카드 Air One,,,,,,,,,,,,,,,,
CLUB Primus Skypass,,,,,호텔 식음매장,10.0,H패션몰(온라인),20.0,택시,10.0,,,,,,
NH20 해봄카드,,,[놀이해봄]전국 놀이공원 최대,50.0,"온라인 쇼핑몰 10% 청구할인어플리케이션 2,000원 청구할인해외 전가맹점 이용금액",2.0,"온라인서점, 어학시험",10.0,,,,,스타벅스/이디야 커피,30.0,,
그랑블루 1st,,,,,,,,,,,,,,,,
신한카드 B.Big(삑),신규 고객 연회비,100.0,"버스, 지하철 일 최대 600원 할인택시, KTX 이용금액",10.0,편의점 이용금액,5.0,롯데·현대·신세계·갤러리아,5.0,,,"전기요금, 통신요금",5.0,"SKT,KT,LG 자동이체",5.0,신규 고객 연회비,100.0
모두의 건강,저녁식사,5.0,대형마트,5.0,커피,5.0,온라인,5.0,골프/레저,5.0,병원,5.0,,,저녁식사,5.0
Diners Club MILEAGE,,,,,,,,,,,,,,,,
신한카드 Deep Once Plus,신규 고객 연회비,100.0,,,,,,,,,,,,,신규 고객 연회비,100.0
삼성카앤모아카드,,,,,CGV 동반 1인,50.0,,,,,,,,,,
신한카드 구독 좋아요,디지털 구독 이용금액,100.0,디지털 구독 이용금액 100% 할인생활서비스,10.0,,,,,생활서비스,10.0,생활서비스,10.0,생활서비스,10.0,디지털 구독 이용금액,100.0
현대카드 대한항공카드 070,,,,,,,,,,,,,슈퍼콘서트,20.0,,
ALL MY LIVING 카드,월납 생활비,5.0,일상 생활비,5.0,주말 생활비,5.0,월납 생활비,5.0,일상 생활비,5.0,월납 생활비,5.0,일상 생활비,5.0,월납 생활비,5.0
NH농협 올바른POINT UP+ 카드,,,,,,,,,,,,,,,,
신한카드 Deep Once,신규 고객 연회비,100.0,,,,,,,,,,,,,신규 고객 연회비,100.0
NH농협 콕카드,"B - 도시형 카드 혜택버스,지하철등 대중교통",10.0,B - 도시형 카드 혜택주요 커피전문점,10.0,,,A - 농촌형 카드 혜택주유소,10.0,"A, B형 통합 서비스주요 이동통신",10.0,B - 도시형 카드 혜택대형마트,10.0,A - 농촌형 카드 혜택 병의원 및 약국,10.0,"B - 도시형 카드 혜택버스,지하철등 대중교통",10.0
NH농협 온플래티늄(ON Platinum)카드(포인트),,,,,,,,,,,,,,,,
KB국민 U+ 알뜰모바일카드,,,,,,,,,,,,,,,,
신한카드 알뜰More(알뜰모아),,,,,,,,,,,,,,,,
IBK i-ALL 카드,,,,,,,,,,,,,,,,
신한카드 Unboxing,신규 고객 연회비,100.0,쇼핑,10.0,"이마트, 홈플러스, 롯데마트대형마트 이용금액",10.0,"CU, GS25, 세븐일레븐 편의점 이용금액",10.0,카페노티드,10.0,,,,,신규 고객 연회비,100.0
NH농협 올바른NEW HAVE 카드,,,,,,,,,,,,,,,,
기업은행 Oil & Life카드(Life),,,,,"캐리비안베이, 롯데월드, 에버랜드 등전국 놀이공원 최대",50.0,"통신사3사 SKT, KT, LGT휴대폰 이용금액",3.0,외식/커피 업종,10.0,,,,,,
삼성카드 taptap I,,,,,해외·여행 3% 할인 (해외겸용)여행,3.0,10대 커피전문점·제과점,30.0,,,"마켓컬리, 음식점 20% 할인슈퍼마켓·아울렛·백화점 등",3.0,,,,
NH농협 올바른BAZIC+ 카드,,,,,,,,,,,,,,,,
모두의 쇼핑,온라인쇼핑 10% 적립아울렛 쇼핑,5.0,"이마트,홈플러스,롯데마트 5% 적립신세계,롯데,현대 백화점 5% 적립이케아",5.0,,,,,,,,,,,온라인쇼핑 10% 적립아울렛 쇼핑,5.0
LOCA LIKIT Play,롯데카드 온라인신청 특별 혜택신규회원 연회비,100.0,LOCA LIKIT Play로영화관,60.0,LOCA LIKIT Play로스트리밍,60.0,LOCA LIKIT Play로쇼핑 멤버십,60.0,LOCA LIKIT Play로주유소,60.0,,,,,롯데카드 온라인신청 특별 혜택신규회원 연회비,100.0
IKEA Family with 신한카드,IKEA 매장 10% 결제일 할인IKEA 푸드 15% 결제일 할인롯데·현대·신세계백화점 5% 할인프리미엄 아울렛,5.0,이마트·홈플러스·롯데마트,5.0,GS25·CU·세븐일레븐,5.0,롯데시네마·CGV,5.0,이디야·스타벅스,5.0,이동통신요금,5.0,,,IKEA 매장 10% 결제일 할인IKEA 푸드 15% 결제일 할인롯데·현대·신세계백화점 5% 할인프리미엄 아울렛,5.0
아메리칸 엑스프레스 블루,편의점,7.0,배달앱,7.0,교통,5.0,통신,5.0,,,,,스타벅스·이디야커피,20.0,편의점,7.0
신한카드 Deep Making,신규 고객 연회비,100.0,혜택에 맞춰 총 포인트 적립,17.0,스타벅스·커피빈 등 최대 5% 적립베이커리 최대,5.0,항공권 결제 최대 5% 적립해외 일시불 결제 최대,5.0,통신사 자동이체 최대,5.0,GS25·CU 등 최대,5.0,주유소·충전소 최대,5.0,신규 고객 연회비,100.0
신한카드 플리,신규 고객 연회비,100.0,,,,,,,,,,,,,신규 고객 연회비,100.0
하나 BC 그린카드 [전국형],,,,,"버스, 지하철 10%~20% 적립KTX, 고속버스",5.0,,,,,,,,,,
L.CLASS L60 카드 (아시아나클럽형),,,,,,,,,,,,,,,,
아메리칸 엑스프레스 리저브,,,국내외가맹점 1% 멤버십리워즈 적립온라인쇼핑·해외 추가,4.0,배달의민족·쉐이크쉑·써브웨이 등Food 영역,30.0,스타벅스·커피빈·블루보틀 등Coffee 영역,30.0,CGV·넷플릭스·웨이브 등Movie 영역,30.0,,,,,,
NH농협 올바른BAZIC 카드,,,,,,,,,,,,,,,,
홈플러스 삼성카드,홈플러스 최대,5.0,의료비,5.0,,,,,,,,,,,홈플러스 최대,5.0
요기요 삼성카드,요기요 최대,10.0,커피전문점,5.0,편의점,5.0,생활잡화,5.0,스트리밍,10.0,,,,,요기요 최대,10.0
신한카드 Puzzle,신규 고객 연회비,100.0,,,,,"멜론, 넷플릭스, 유튜브 20% 적립패스트캠퍼스, 클래스101",20.0,"로켓와우, 플러스멤버십 20% 적립쿠팡, 무신사, 마켓컬리 10% 적립반려동물 용품샵",20.0,"배민,요기요,쿠팡이츠",5.0,4대 주유소 10% 적립전기차 충전소,30.0,신규 고객 연회비,100.0
NH농협 올바른OIL&PASS 카드,전국주유소/LPG충전소,5.0,,,버스/지하철/택시/철도,7.0,,,,,,,,,전국주유소/LPG충전소,5.0
Smart Any (스마트애니),,,,,,,,,,,,,,,,
신한카드 B.Big(마이펫 스노우볼),"버스, 지하철 일 최대 600원 할인택시, KTX 이용금액",10.0,롯데·현대·신세계·갤러리아,5.0,편의점 이용금액,5.0,스타벅스/커피빈 등 카페,10.0,,,"전기요금, 통신요금",5.0,"SKT,KT,LG 자동이체",5.0,"버스, 지하철 일 최대 600원 할인택시, KTX 이용금액",10.0
NH농협 위카드,,,,,,,,,,,,,,,,
New PAYCO 롯데카드,PAYCO 가맹점에서PAYCO로 결제 시 최대,3.0,,,,,,,,,,,,,PAYCO 가맹점에서PAYCO로 결제 시 최대,3.0
I’m Powerful 카드,"종합병원, 일반병원, 한방병원최대",2.0,슈퍼 최대,2.0,커피전문점 최대,2.0,편의점 최대,2.0,"SKT, KT, LG U+이동통신요금 최대",5.0,"지하철, 시내버스 최대",5.0,,,"종합병원, 일반병원, 한방병원최대",2.0
삼성 iD NOMAD 카드,,,국내외 가맹점 최대,2.0,,,디지털콘텐츠,50.0,멤버십,50.0,,,쉐이크쉑/써브웨이,30.0,,
NH농협 SKYPASS카드,,,,,,,,,,,국내외 여행패키지 3~5% 현장할인금강산콘도미니엄,77.0,,,,
NH농협 올바른하나로(Hanaro) 카드,농협판매장 이용시,5.0,전국 병의원 및 약국 최대,5.0,대중교통,3.0,베이커리/커피,3.0,편의점,3.0,온라인서점,3.0,영화 예매,3.0,농협판매장 이용시,5.0
신한카드 Deep Taking,신규 고객 연회비,100.0,잘쓰는 혜택에 맞춰 최대,10.0,요기요·배달의민족,2.0,통신사 자동이체,2.0,"GS25,CU",2.0,주유소·충전소,2.0,스타벅스·커피빈 등 2% 적립 가능베이커리,2.0,신규 고객 연회비,100.0
NH올원 Rental&바디프랜드카드,,,,,,,,,,,,,,,,
NH농협 올바른MYPICK 카드,[기본서비스]전세계스타벅스/국내 카페 5%청구할인[FOOD PACK]베이커리,5.0,"[기본서비스]전국 택시, 대중교통",5.0,[FOOD PACK]전세계 음식점,5.0,[FOOD PACK]편의점,5.0,[기본서비스]해외 전가맹점 5% 청구할인[SHOPPING PACK]온/오프라인 쇼핑 5% 청구할인[SHOPPING PACK]국내 면세점,5.0,"[SHOPPING PACK]전국 서점 5% 청구할인[HEALTH&BEAUTY PACK]스포츠 경기,공연 예매",5.0,[TRAVEL PACK]전국주유소/LPG충전소,5.0,[기본서비스]전세계스타벅스/국내 카페 5%청구할인[FOOD PACK]베이커리,5.0
KB국민 KB Pay 챌린지카드,온라인신규신청 연회비,100.0,,,,,,,,,,,,,온라인신규신청 연회비,100.0
IBK I-알뜰교통플러스,,,,,,,,,,,,,,,,
1Q Global VIVA (원큐 글로벌 비바),,,,,,,,,,,,,,,,
신한카드 D-day,신규 고객 연회비,100.0,월요일~수요일 편의점 최대,5.0,목요일 영화 예매 최대,5.0,,,토요일 뷰티 가맹점 최대,5.0,일요일 온라인쇼핑 최대,5.0,버스/지하철 이용금액 최대,5.0,신규 고객 연회비,100.0
KB국민 에버랜드 판다카드,에버랜드 50% 캐리비안베이 30% 연간회원권 10% 기념품 매장,20.0,,,주요 패밀리레스토랑,20.0,,,,,,,,,에버랜드 50% 캐리비안베이 30% 연간회원권 10% 기념품 매장,20.0
카드의정석L.POINT,,,영화관 L.POINT,3.0,외식 L.POINT,3.0,카페 L.POINT,3.0,이동통신 L.POINT,3.0,대중교통 L.POINT,3.0,전기차충전 L.POINT 3%특별적립주유 L.POINT,1.0,,
I’m ACTIVE 카드,"병원, 운동, 건강식품, 보험료 등건강 관련 업종에서",5.0,월 이용금액 TOP3 그룹 자동으로,5.0,,,,,,,,,,,"병원, 운동, 건강식품, 보험료 등건강 관련 업종에서",5.0
CLUB PREMIER 카드 [Hotel],국내 특급호텔,50.0,,,택시,20.0,"스타벅스, 커피빈",20.0,,,,,,,국내 특급호텔,50.0
I-나눔카드(일반),,,,,,,,,,,,,,,,
미래에셋 현대카드 Diamond,업종별 최대,5.0,,,,,,,면세점 최대 5% 특별적립백화점 최대 3% 특별적립프리미엄아울렛 최대,3.0,특급호텔 최대 5% 특별적립여행/항공 최대 5% 특별적립골프장/골프연습장 최대,5.0,,,업종별 최대,5.0
E1 LPG KB국민카드,,,"골프장, 골프연습장",10.0,인터넷쇼핑몰/소셜,10.0,아웃백/빕스/TGIF,10.0,CGV,10.0,버스/지하철,10.0,,,,
Diners Club POINT,국내 가맹점 1% 기본적립국내 가맹점 추가 적립해외 전가맹점/면세점,2.0,,,,,,,,,,,,,국내 가맹점 1% 기본적립국내 가맹점 추가 적립해외 전가맹점/면세점,2.0
청호나이스 플러스 하나카드,,,"이마트, 홈플러스, 롯데마트",3.0,커피빈 이용금액,10.0,,,,,,,,,,
Deep Dream Platinum+ (미니언즈),제주항공·에어부산,10.0,적립한도 없이０.7~1.1% 기본적립DREAM영역 이용시 최대5.5%적립해외 이용금액,10.0,,,,,,,,,,,제주항공·에어부산,10.0
LOCA 환승 카드,,,,,,,,,,,,,,,,
신한카드 YaY,온라인 신규회원 연회비,100.0,,,"넷플릭스, 왓챠 플레이 등",30.0,"배민, 요기요 등 최대",30.0,"온라인쇼핑 월 최대 12,500P적립오늘의집, 런드리고 10% 적립앱마켓, NC소프트 등",10.0,스타벅스 사이렌오더 10%적립와인앤모어,10.0,,,온라인 신규회원 연회비,100.0
신한카드 Deep Store,신규 고객 연회비,100.0,생활쇼핑 최대,15.0,3대 할인점 주말 10% 할인복합쇼핑몰 주말,10.0,,,,,커피전문점/제과점 업종,10.0,,,신규 고객 연회비,100.0
나무 NH농협카드,,,,,,,,,,,,,,,,
현대백화점카드,,,,,,,,,,,,,,,,
11번가 신한카드,이용금액0.5% SK pay포인트적립SK pay 이용금액 특별적립,1.0,,,,,,,,,,,,,이용금액0.5% SK pay포인트적립SK pay 이용금액 특별적립,1.0
NH농협 올바른NEW HAVE+ 카드,,,,,,,,,,,,,,,,
NH농협 SOHO 다사로이카드,4대사회보험·전기요금,5.0,,,,,,,,,,,,,4대사회보험·전기요금,5.0
바디프랜드 하나카드,,,"이마트, 홈플러스, 롯데마트",3.0,커피빈 이용금액,10.0,,,,,,,,,,
L.PAY 신한카드,국내/해외 이용금액 0.1% 적립롯데 더드림영역 최대,7.0,롯데 더드림영역에서 최대,7.0,"롯데마트, 롯데슈퍼 최대",7.0,,,"롯데면세점, 롯데호텔 최대",7.0,세븐일레븐 이용금액 최대,7.0,후불교통 및 택시 이용금액,1.0,국내/해외 이용금액 0.1% 적립롯데 더드림영역 최대,7.0
신한카드 EVerywhere,전기차 충전요금의,20.0,디지털 구독,20.0,이동통신,5.0,편의점,5.0,베이커리〮커피전문점,5.0,,,,,전기차 충전요금의,20.0
티머니 Pay & GO 신한카드,티머니페이앱 대중교통 30%결제일할인티머니GO앱,20.0,4대 백화점,5.0,5대 편의점,5.0,이동통신요금 자동이체,5.0,커피전문점,5.0,,,,,티머니페이앱 대중교통 30%결제일할인티머니GO앱,20.0
I’m DRIVING 카드,,,저녁 음식점,5.0,드라이버를 위한,5.0,"엔진오일 교환 연1회자동차 보험 할인 연 1회주차장,세차장,대리운전",5.0,,,,,,,,
NH농협 위 레아카드(포인트),"기본 적립 : 국내 1%, 해외 2%추가 적립 : 국내 특별 가맹점",2.0,,,,,,,,,,,,,"기본 적립 : 국내 1%, 해외 2%추가 적립 : 국내 특별 가맹점",2.0
GS리테일 NH농협카드,GS리테일 이용시,2.0,국내 이용금액 1% NH포인트적립국외 이용금액,2.0,,,,,,,,,,,GS리테일 이용시,2.0
신한카드 봄,,,,,,,,,,,,,,,,
롤라카드,롯데카드 온라인신청 특별 혜택신규회원 연회비,100.0,SK주유소 롤라머니,1.0,"롯데마트, 롯데빅마켓, 롯데슈퍼에서 롤라카드로 결제하고롤라머니",7.0,엔젤리너스에서 롤라카드로 결제하고롤라머니,7.0,"테마파크,호텔에서 롤라카드로 결제하고롤라머니",7.0,"롯데리아, T.G.I.F에서롤라카드로 결제하고롤라머니",7.0,롯데시네마에서 롤라카드로 결제하고롤라머니,7.0,롯데카드 온라인신청 특별 혜택신규회원 연회비,100.0
땡겨요 신한카드,땡겨요앱 이용금액 포인트,10.0,편의점 이용금액 포인트,5.0,,,,,,,,,,,땡겨요앱 이용금액 포인트,10.0
미래에셋 현대카드 Gold,업종별 최대,3.0,,,,,,,백화점 최대 3% 특별적립프리미엄 아울렛 최대 3% 특별적립온라인쇼핑 최대,2.0,커피전문점 최대,2.0,배달 앱 최대,2.0,업종별 최대,3.0
NH농협 위 테라카드(포인트),"기본적립 : 국내 1%,해외",2.0,,,,,,,,,,,,,"기본적립 : 국내 1%,해외",2.0
New 제주항공 하나카드,,,,,,,,,,,,,,,,
Coffee Bean 신용카드,,,편의점,5.0,약국,5.0,패밀리레스토랑  5% 청구 할인패스트푸드,5.0,주유소·충전소,5.0,학원,5.0,골프·골프연습장,5.0,,
NH농협 올바른지구카드,버스/지하철/택시/철도 7% 청구할인공유모빌리티 7% 청구할인전기차 충전,7.0,이동통신요금,5.0,오픈마켓/배달앱,5.0,스포츠 매장,5.0,H&B매장,5.0,,,,,버스/지하철/택시/철도 7% 청구할인공유모빌리티 7% 청구할인전기차 충전,7.0
LFmall 신용카드, LFmall 이용 시,5.0,,,,,,,,,,,,, LFmall 이용 시,5.0
교원 웰스 KB국민카드,,,패밀리레스토랑,20.0,,,"롯데월드,에버랜드 50% 현장할인캐리비안베이",30.0,,,,,,,,
기업은행 참! 좋은 다이소카드,"다이소매장 30%할인쿠팡, 티몬, 위메프",20.0,"미용실 이용시, 20% 청구할인 주 편의점·올리브영",10.0,"스타벅스, 커피빈, 할리스, 투썸 등주요 카페",20.0,,,"이마트, 홈플러스, 롯데마트농협하나로클럽, 대형마트",5.0,,,,,"다이소매장 30%할인쿠팡, 티몬, 위메프",20.0
우리카드 WON DISCOUNT AIR,,,"멜론, 넷플릭스 정기결제",10.0,배달의민족 이용금액,10.0,스타벅스 사이렌오더,10.0,전기차 충전,10.0,대중교통 이용금액,5.0,이동통신 요금,5.0,,
KB국민 Green Wave 1.5℃ 카드,온라인신규신청 연회비,100.0,"따릉이, 킥고잉등",20.0,전기/수소차 충전,10.0,"버스/지하철, 철도",10.0,,,굿윌스토어 이용시 포인트리 1천점적립친환경 마켓 20% 포인트리 적립업사이클링 제품 10% 포인트리 적립트리플래닛,10.0,,,온라인신규신청 연회비,100.0
NH농협 LCC UniMile 카드,,,생활 할인 서비스이동통신 자동이체 요금,3.0,생활 할인 서비스택시요금,3.0,,,,,,,,,,
NH농협 올바른Edu카드,"유치원, 학원, 학습지",5.0,,,,,,,,,,,,,"유치원, 학원, 학습지",5.0
미래에셋 현대카드 Silver,적립한도 없이 업종별 최대,2.0,,,온라인 쇼핑 최대,2.0,커피전문점 최대,2.0,배달 앱 최대,2.0,편의점 최대,2.0,디지털 콘텐츠 최대,2.0,적립한도 없이 업종별 최대,2.0
KB국민 위메프페이 신용카드,"위메프 2%, 위메프오",1.0,카페 이용 시 위메프포인트,5.0,,,맥도날드 등 위메프포인트 5% 적립패밀리레스토랑 위메프포인트,5.0,미용실 이용 시 위메프포인트,5.0,골프·골프연습장 이용 시 위메프포인트,5.0,넷플릭스·웨이브 이용 시 위메프포인트,5.0,"위메프 2%, 위메프오",1.0
우리 햇살론카드,이동통신 업종 모아포인트,3.0,대중교통 업종 모아포인트,3.0,커피 업종 모아포인트,3.0,영화 업종 모아포인트,3.0,특별 적립백화점 업종 모아포인트 1% 적립할인점 업종 모아포인트 1% 적립온라인쇼핑 업종 모아포인트,1.0,주유업종 모아포인트,1.0,,,이동통신 업종 모아포인트,3.0
현대백화점 해피포인트카드,가맹점에서 1천원이상 구매시,5.0,,,,,,,,,,,,,가맹점에서 1천원이상 구매시,5.0
KB국민 레고랜드 매니아카드,레고랜드 코리아 이용권 30% 할인 레고랜드 리조트,30.0,레고 코리아 공식온라인몰 10% 할인완구점 업종 10% 할인 신세계백화점 등 백화점,10.0,이마트 등 대형마트,10.0,배달의민족 등 배달앱,10.0,넷플릭스 등 구독 서비스,20.0,KB Pay 결제,10.0,해외 가맹점 이용,10.0,레고랜드 코리아 이용권 30% 할인 레고랜드 리조트,30.0
NH농협 SOHO 다사로이+카드,4대사회보험·전기요금,5.0,스타벅스,30.0,"넷플릭스, 멜론",30.0,,,,,,,,,4대사회보험·전기요금,5.0
현대백화점 현대오일뱅크카드,,,,,,,,,,,,,,,,
